Node,Unmet_Percentage
Green Park,2.5558763901361794
Westminster,1.6964504132242215
Earl's Court,1.385447362886777
Gloucester Road,0.9881414192581222
Bethnal Green LU,0.8954229888121175
Northwick Park,0.33920796069308756
Camden Town,1.353826777874636
Notting Hill Gate,0.9623236635355168
Bermondsey,0.6329086991063558
Warwick Avenue,0.27789235875694807
Maida Vale,0.24572665091738707
