Node,Unmet_Percentage
Green Park,2.5145150373471945
Westminster,1.9789296734173685
Earl's Court,1.4092379843885392
Gloucester Road,0.8955413244277457
Bethnal Green LU,1.0427623924603304
Northwick Park,0.20559309310235752
Camden Town,2.373702132216287
Notting Hill Gate,1.4715361467014447
Bermondsey,0.6943808797589983
Warwick Avenue,0.2550053870301115
Maida Vale,0.21417355591642054
